epoch,train_loss,val_loss,recall,ndcg
5,-1.0142641067504883,-0.5392158031463623,0.10868733039105162,0.11297226720867853
10,-2.8105790615081787,-0.2394164800643921,0.11284129146370898,0.1150229873194201
15,-5.88770055770874,0.01542973518371582,0.1124900870287784,0.1151640219686246
20,-9.828368186950684,0.26747679710388184,0.11137410109291783,0.11436929193313379
25,-13.531293869018555,0.47547101974487305,0.1115458874552447,0.11372449639239196
30,-19.541776657104492,0.7849535942077637,0.11217890729453324,0.11460372170786597
